
-- Create the "users" table
CREATE TABLE users (
    id INT PRIMARY KEY,
    email VARCHAR(255) UNIQUE,
    password VARCHAR(100),
    fullname VARCHAR(255),
    status VARCHAR(50),
    role VARCHAR(50)
);

-- Create the "products" table
CREATE TABLE products (
    id INT PRIMARY KEY,
    name VARCHAR(255),
    description VARCHAR(500),
    price DECIMAL(10,2),
    stock INT,
    original_price DECIMAL(10,2),
    category VARCHAR(100)
);

-- Create the "carts" table (each cart belongs to a user)
CREATE TABLE carts (
    id INT PRIMARY KEY,
    usersid INT,
    FOREIGN KEY (usersid) REFERENCES users(id)
);

-- Create the "orders" table (each order is placed by a user)
CREATE TABLE orders (
    id INT PRIMARY KEY,
    usersid INT,
    description VARCHAR(500),
    status VARCHAR(50),
    total_amount DECIMAL(10,2),
    FOREIGN KEY (usersid) REFERENCES users(id)
);

-- Create the "cart_items" table (items in a cart reference both a cart and a product)
CREATE TABLE cart_items (
    id INT PRIMARY KEY,
    quantity INT,
    cart_id INT,
    products_id INT,
    FOREIGN KEY (cart_id) REFERENCES carts(id),
    FOREIGN KEY (products_id) REFERENCES products(id)
);

-- Create the "orders_products" table (each order’s product details)
CREATE TABLE orders_products (
    id INT PRIMARY KEY,
    ordersid INT,
    productsid INT,
    original_price DECIMAL(10,2),
    price DECIMAL(10,2),
    FOREIGN KEY (ordersid) REFERENCES orders(id),
    FOREIGN KEY (productsid) REFERENCES products(id)
);

--------------------------------------------------
-- Insert 50 records into "users"
--------------------------------------------------
INSERT INTO users (id, email, password, fullname, status, role) VALUES
(1, 'john.doe@example.com', 'Password1!', 'John Doe', 'active', 'customer'),
(2, 'jane.smith@example.com', 'Password2!', 'Jane Smith', 'active', 'customer'),
(3, 'robert.brown@example.com', 'Password3!', 'Robert Brown', 'active', 'customer'),
(4, 'emily.davis@example.com', 'Password4!', 'Emily Davis', 'active', 'admin'),
(5, 'michael.wilson@example.com', 'Password5!', 'Michael Wilson', 'active', 'customer'),
(6, 'sarah.johnson@example.com', 'Password6!', 'Sarah Johnson', 'inactive', 'customer'),
(7, 'david.miller@example.com', 'Password7!', 'David Miller', 'active', 'customer'),
(8, 'laura.garcia@example.com', 'Password8!', 'Laura Garcia', 'active', 'customer'),
(9, 'james.martinez@example.com', 'Password9!', 'James Martinez', 'active', 'customer'),
(10, 'linda.rodriguez@example.com', 'Password10!', 'Linda Rodriguez', 'active', 'customer'),
(11, 'william.hernandez@example.com', 'Password11!', 'William Hernandez', 'active', 'customer'),
(12, 'elizabeth.lopez@example.com', 'Password12!', 'Elizabeth Lopez', 'active', 'customer'),
(13, 'christopher.gonzalez@example.com', 'Password13!', 'Christopher Gonzalez', 'active', 'customer'),
(14, 'patricia.anderson@example.com', 'Password14!', 'Patricia Anderson', 'active', 'customer'),
(15, 'daniel.thomas@example.com', 'Password15!', 'Daniel Thomas', 'active', 'admin'),
(16, 'susan.taylor@example.com', 'Password16!', 'Susan Taylor', 'inactive', 'customer'),
(17, 'matthew.moore@example.com', 'Password17!', 'Matthew Moore', 'active', 'customer'),
(18, 'jessica.jackson@example.com', 'Password18!', 'Jessica Jackson', 'active', 'customer'),
(19, 'anthony.martin@example.com', 'Password19!', 'Anthony Martin', 'active', 'customer'),
(20, 'karen.lee@example.com', 'Password20!', 'Karen Lee', 'active', 'customer'),
(21, 'mark.perez@example.com', 'Password21!', 'Mark Perez', 'active', 'customer'),
(22, 'nancy.white@example.com', 'Password22!', 'Nancy White', 'active', 'customer'),
(23, 'steven.harris@example.com', 'Password23!', 'Steven Harris', 'active', 'customer'),
(24, 'betty.clark@example.com', 'Password24!', 'Betty Clark', 'active', 'customer'),
(25, 'paul.lewis@example.com', 'Password25!', 'Paul Lewis', 'active', 'customer'),
(26, 'lisa.walker@example.com', 'Password26!', 'Lisa Walker', 'active', 'admin'),
(27, 'kevin.hall@example.com', 'Password27!', 'Kevin Hall', 'active', 'customer'),
(28, 'margaret.allen@example.com', 'Password28!', 'Margaret Allen', 'active', 'customer'),
(29, 'brian.young@example.com', 'Password29!', 'Brian Young', 'active', 'customer'),
(30, 'sandra.king@example.com', 'Password30!', 'Sandra King', 'inactive', 'customer'),
(31, 'george.wright@example.com', 'Password31!', 'George Wright', 'active', 'customer'),
(32, 'ashley.scott@example.com', 'Password32!', 'Ashley Scott', 'active', 'customer'),
(33, 'edward.green@example.com', 'Password33!', 'Edward Green', 'active', 'customer'),
(34, 'kimberly.adams@example.com', 'Password34!', 'Kimberly Adams', 'active', 'customer'),
(35, 'ronald.baker@example.com', 'Password35!', 'Ronald Baker', 'active', 'admin'),
(36, 'donna.nelson@example.com', 'Password36!', 'Donna Nelson', 'active', 'customer'),
(37, 'anthony.carter@example.com', 'Password37!', 'Anthony Carter', 'active', 'customer'),
(38, 'carol.mitchell@example.com', 'Password38!', 'Carol Mitchell', 'inactive', 'customer'),
(39, 'kenneth.roberts@example.com', 'Password39!', 'Kenneth Roberts', 'active', 'customer'),
(40, 'michelle.turner@example.com', 'Password40!', 'Michelle Turner', 'active', 'customer'),
(41, 'jason.phillips@example.com', 'Password41!', 'Jason Phillips', 'active', 'customer'),
(42, 'amanda.campbell@example.com', 'Password42!', 'Amanda Campbell', 'active', 'customer'),
(43, 'joshua.parker@example.com', 'Password43!', 'Joshua Parker', 'active', 'customer'),
(44, 'angela.evans@example.com', 'Password44!', 'Angela Evans', 'active', 'admin'),
(45, 'gary.edwards@example.com', 'Password45!', 'Gary Edwards', 'active', 'customer'),
(46, 'melissa.collins@example.com', 'Password46!', 'Melissa Collins', 'active', 'customer'),
(47, 'timothy.stewart@example.com', 'Password47!', 'Timothy Stewart', 'active', 'customer'),
(48, 'deborah.sanchez@example.com', 'Password48!', 'Deborah Sanchez', 'inactive', 'customer'),
(49, 'ryan.morris@example.com', 'Password49!', 'Ryan Morris', 'active', 'customer'),
(50, 'stephanie.rogers@example.com', 'Password50!', 'Stephanie Rogers', 'active', 'customer');


-- Insert 50 realistic records into "products"
INSERT INTO products (id, name, description, price, stock, original_price, category) VALUES
(1, 'Wireless Mouse', 'Ergonomic wireless mouse with adjustable DPI', 25.99, 150, 30.99, 'Electronics'),
(2, 'Mechanical Keyboard', 'RGB mechanical keyboard with tactile switches', 79.99, 120, 89.99, 'Electronics'),
(3, 'USB-C Hub', '7-in-1 USB-C hub with HDMI, USB, and card reader ports', 39.99, 200, 44.99, 'Accessories'),
(4, 'Gaming Headset', 'Surround sound headset with noise-cancelling mic', 59.99, 100, 69.99, 'Gaming'),
(5, 'Smartphone', 'Latest model smartphone with facial recognition', 699.99, 80, 749.99, 'Mobile'),
(6, 'Laptop', '15-inch high performance laptop with SSD and i7', 1099.99, 60, 1199.99, 'Computers'),
(7, 'Tablet', '10-inch tablet with full HD display', 329.99, 90, 359.99, 'Mobile'),
(8, 'Smartwatch', 'Smartwatch with heart rate and activity tracking', 199.99, 110, 229.99, 'Wearables'),
(9, 'Bluetooth Speaker', 'Portable Bluetooth speaker with deep bass', 89.99, 140, 99.99, 'Audio'),
(10, 'HD Webcam', '1080p HD webcam for video conferencing', 49.99, 130, 59.99, 'Accessories'),
(11, 'External Hard Drive', '1TB USB 3.0 external hard drive for backups', 59.99, 100, 69.99, 'Storage'),
(12, 'Gaming Monitor', '27-inch 144Hz monitor optimized for gaming', 299.99, 70, 349.99, 'Gaming'),
(13, 'Bluetooth Earbuds', 'Truly wireless earbuds with ambient sound mode', 129.99, 150, 139.99, 'Audio'),
(14, 'Smart TV', '55-inch 4K Ultra HD Smart LED TV with streaming apps', 499.99, 50, 549.99, 'Home Entertainment'),
(15, 'Fitness Tracker', 'Waterproof fitness tracker with sleep monitoring', 49.99, 160, 59.99, 'Wearables'),
(16, 'Wireless Charger', 'Fast charging wireless pad compatible with Qi devices', 29.99, 180, 34.99, 'Accessories'),
(17, 'Portable Charger', '10,000mAh power bank for on-the-go charging', 39.99, 140, 44.99, 'Mobile'),
(18, 'Desktop PC', 'High-performance desktop built for gaming and work', 899.99, 30, 999.99, 'Computers'),
(19, 'Noise-Cancelling Headphones', 'Over-ear headphones with active noise-cancellation', 199.99, 70, 219.99, 'Audio'),
(20, 'Smart Light Bulb', 'Color-changing LED bulb with smartphone control', 19.99, 300, 24.99, 'Smart Home'),
(21, 'VR Headset', 'Virtual reality headset with immersive experience', 399.99, 40, 449.99, 'Gaming'),
(22, 'Digital Camera', 'Mirrorless camera with interchangeable lenses', 649.99, 35, 699.99, 'Photography'),
(23, 'Tripod', 'Lightweight tripod designed for cameras and smartphones', 39.99, 110, 44.99, 'Photography'),
(24, 'Drone', 'Quadcopter drone featuring 4K video recording', 899.99, 25, 949.99, 'Electronics'),
(25, 'E-book Reader', 'Glare-free e-book reader with built-in light', 129.99, 90, 139.99, 'Mobile'),
(26, 'Smart Home Hub', 'Central hub to control multiple smart devices', 99.99, 60, 109.99, 'Smart Home'),
(27, 'Action Camera', 'Compact action camera with waterproof design', 199.99, 80, 219.99, 'Photography'),
(28, 'Wireless Earphones', 'Compact Bluetooth earphones with high quality sound', 79.99, 150, 89.99, 'Audio'),
(29, 'Gaming Chair', 'Ergonomic gaming chair with adjustable lumbar support', 249.99, 45, 279.99, 'Furniture'),
(30, 'Office Desk', 'Modern adjustable height desk for comfortable work', 399.99, 25, 449.99, 'Furniture'),
(31, 'Router', 'Dual-band Wi-Fi router with high-speed connectivity', 99.99, 100, 109.99, 'Electronics'),
(32, 'Smart Lock', 'Keyless smart lock with app-controlled features', 149.99, 60, 169.99, 'Smart Home'),
(33, 'Electric Scooter', 'Eco-friendly electric scooter with long battery life', 299.99, 40, 329.99, 'Transportation'),
(34, 'Coffee Maker', 'Programmable coffee maker with auto shut-off feature', 89.99, 85, 99.99, 'Home Appliances'),
(35, 'Blender', 'High-speed blender for smoothies and purees', 59.99, 95, 69.99, 'Home Appliances'),
(36, 'Air Purifier', 'HEPA air purifier for clean, allergen-free air', 129.99, 70, 149.99, 'Home Appliances'),
(37, 'Electric Kettle', 'Stainless steel electric kettle with auto shut-off', 39.99, 120, 44.99, 'Home Appliances'),
(38, 'Soundbar', 'Wireless soundbar with integrated subwoofer', 199.99, 55, 219.99, 'Audio'),
(39, 'Smart Thermostat', 'Programmable thermostat to optimize home energy use', 249.99, 40, 269.99, 'Smart Home'),
(40, 'Robot Vacuum', 'Automatic robot vacuum with smart mapping technology', 299.99, 30, 329.99, 'Home Appliances'),
(41, 'Electric Toothbrush', 'Rechargeable electric toothbrush with multiple cleaning modes', 59.99, 130, 69.99, 'Personal Care'),
(42, 'Hair Dryer', 'Professional hair dryer with ionic technology', 49.99, 140, 59.99, 'Personal Care'),
(43, 'Massage Gun', 'Percussive massage gun for deep tissue recovery', 89.99, 80, 99.99, 'Personal Care'),
(44, 'Instant Camera', 'Retro-style instant camera with film packs', 69.99, 100, 79.99, 'Photography'),
(45, 'Portable SSD', '500GB portable SSD with high-speed data transfer', 149.99, 60, 169.99, 'Storage'),
(46, 'Smart Scale', 'Body composition scale with app integration', 49.99, 110, 59.99, 'Personal Care'),
(47, 'Electric Shaver', 'High-precision electric shaver for a smooth shave', 79.99, 90, 89.99, 'Personal Care'),
(48, 'Wireless Charger Stand', 'Convenient charging stand for smartphones and earbuds', 39.99, 100, 44.99, 'Accessories'),
(49, 'LED Desk Lamp', 'Dimmable LED lamp with USB charging port for desks', 29.99, 130, 34.99, 'Home Office'),
(50, 'Portable Projector', 'Compact projector ideal for home cinema and presentations', 249.99, 45, 279.99, 'Electronics');

-- Insert 50 records into "carts"
INSERT INTO carts (id, usersid) VALUES
(1, 1),
(2, 2),
(3, 3),
(4, 4),
(5, 5),
(6, 6),
(7, 7),
(8, 8),
(9, 9),
(10, 10),
(11, 11),
(12, 12),
(13, 13),
(14, 14),
(15, 15),
(16, 16),
(17, 17),
(18, 18),
(19, 19),
(20, 20),
(21, 21),
(22, 22),
(23, 23),
(24, 24),
(25, 25),
(26, 26),
(27, 27),
(28, 28),
(29, 29),
(30, 30),
(31, 31),
(32, 32),
(33, 33),
(34, 34),
(35, 35),
(36, 36),
(37, 37),
(38, 38),
(39, 39),
(40, 40),
(41, 41),
(42, 42),
(43, 43),
(44, 44),
(45, 45),
(46, 46),
(47, 47),
(48, 48),
(49, 49),
(50, 50);


-- Insert 50 records into "orders"
INSERT INTO orders (id, usersid, description, status, total_amount) VALUES
(1, 1, 'Order 1: Purchase of electronics accessories', 'pending', 115.00),
(2, 2, 'Order 2: Purchase of home appliance items', 'completed', 130.00),
(3, 3, 'Order 3: Order includes sports equipment and apparel', 'cancelled', 145.00),
(4, 4, 'Order 4: Collection of kitchen supplies order', 'pending', 160.00),
(5, 5, 'Order 5: Order for office furniture and supplies', 'completed', 175.00),
(6, 6, 'Order 6: Purchase of outdoor gear and camping equipment', 'cancelled', 190.00),
(7, 7, 'Order 7: Order for gardening tools and plants', 'pending', 205.00),
(8, 8, 'Order 8: Electronics gadgets and smart devices order', 'completed', 220.00),
(9, 9, 'Order 9: Fashion apparel and accessories order', 'cancelled', 235.00),
(10, 10, 'Order 10: Order comprises books and media items', 'pending', 250.00),
(11, 11, 'Order 11: Order of automotive parts and accessories', 'completed', 265.00),
(12, 12, 'Order 12: Purchase of health and wellness products', 'cancelled', 280.00),
(13, 13, 'Order 13: Order includes pet supplies and accessories', 'pending', 295.00),
(14, 14, 'Order 14: Order for beauty and personal care items', 'completed', 310.00),
(15, 15, 'Order 15: Purchase of computer and gaming peripherals', 'cancelled', 325.00),
(16, 16, 'Order 16: Order for home improvement and decor items', 'pending', 340.00),
(17, 17, 'Order 17: Order includes musical instruments and accessories', 'completed', 355.00),
(18, 18, 'Order 18: Purchase of travel gear and luggage', 'cancelled', 370.00),
(19, 19, 'Order 19: Order for baby products and essentials', 'pending', 385.00),
(20, 20, 'Order 20: Order consists of sporting goods and gear', 'completed', 400.00),
(21, 21, 'Order 21: Electronics and home appliance combo order', 'cancelled', 415.00),
(22, 22, 'Order 22: Order for sustainable and eco-friendly items', 'pending', 430.00),
(23, 23, 'Order 23: Order includes DIY and craft supplies', 'completed', 445.00),
(24, 24, 'Order 24: Order for kitchenware and dining sets', 'cancelled', 460.00),
(25, 25, 'Order 25: Order for computer accessories and software', 'pending', 475.00),
(26, 26, 'Order 26: Order includes garden furniture and decor', 'completed', 490.00),
(27, 27, 'Order 27: Purchase of fitness equipment and accessories', 'cancelled', 505.00),
(28, 28, 'Order 28: Order for premium audio and visual devices', 'pending', 520.00),
(29, 29, 'Order 29: Order for travel accessories and gadgets', 'completed', 535.00),
(30, 30, 'Order 30: Order for health supplements and vitamins', 'cancelled', 550.00),
(31, 31, 'Order 31: Order includes home automation devices', 'pending', 565.00),
(32, 32, 'Order 32: Order for high-tech wearable devices', 'completed', 580.00),
(33, 33, 'Order 33: Order for premium outdoor recreation gear', 'cancelled', 595.00),
(34, 34, 'Order 34: Order includes artisanal food and beverages', 'pending', 610.00),
(35, 35, 'Order 35: Order for designer fashion items', 'completed', 625.00),
(36, 36, 'Order 36: Order includes luxury beauty products', 'cancelled', 640.00),
(37, 37, 'Order 37: Order for baby and maternity essentials', 'pending', 655.00),
(38, 38, 'Order 38: Order includes workspace essentials and decor', 'completed', 670.00),
(39, 39, 'Order 39: Order for ergonomic office equipment', 'cancelled', 685.00),
(40, 40, 'Order 40: Order includes innovative tech gadgets', 'pending', 700.00),
(41, 41, 'Order 41: Order for high-quality sports apparel', 'completed', 715.00),
(42, 42, 'Order 42: Order for eco-friendly household products', 'cancelled', 730.00),
(43, 43, 'Order 43: Order includes premium outdoor clothing', 'pending', 745.00),
(44, 44, 'Order 44: Order for a curated selection of books', 'completed', 760.00),
(45, 45, 'Order 45: Order includes advanced gaming gear', 'cancelled', 775.00),
(46, 46, 'Order 46: Order for smart home and IoT devices', 'pending', 790.00),
(47, 47, 'Order 47: Order for artisanal kitchen gadgets', 'completed', 805.00),
(48, 48, 'Order 48: Order includes exclusive music albums', 'cancelled', 820.00),
(49, 49, 'Order 49: Order for health and fitness trackers', 'pending', 835.00),
(50, 50, 'Order 50: Order for seasonal decor and ornaments', 'completed', 850.00);


INSERT INTO cart_items (id, quantity, cart_id, products_id) VALUES
  (1, 2, 1, 1),
  (2, 1, 2, 2),
  (3, 3, 3, 3),
  (4, 1, 4, 4),
  (5, 2, 5, 5),
  (6, 3, 6, 6),
  (7, 1, 7, 7),
  (8, 4, 8, 8),
  (9, 2, 9, 9),
  (10, 3, 10, 10),
  (11, 1, 11, 11),
  (12, 2, 12, 12),
  (13, 3, 13, 13),
  (14, 1, 14, 14),
  (15, 2, 15, 15),
  (16, 4, 16, 16),
  (17, 2, 17, 17),
  (18, 1, 18, 18),
  (19, 3, 19, 19),
  (20, 2, 20, 20),
  (21, 4, 21, 21),
  (22, 1, 22, 22),
  (23, 2, 23, 23),
  (24, 3, 24, 24),
  (25, 1, 25, 25),
  (26, 2, 26, 26),
  (27, 3, 27, 27),
  (28, 1, 28, 28),
  (29, 2, 29, 29),
  (30, 4, 30, 30),
  (31, 1, 31, 31),
  (32, 3, 32, 32),
  (33, 2, 33, 33),
  (34, 1, 34, 34),
  (35, 4, 35, 35),
  (36, 2, 36, 36),
  (37, 3, 37, 37),
  (38, 1, 38, 38),
  (39, 2, 39, 39),
  (40, 4, 40, 40),
  (41, 1, 41, 41),
  (42, 3, 42, 42),
  (43, 2, 43, 43),
  (44, 1, 44, 44),
  (45, 4, 45, 45),
  (46, 2, 46, 46),
  (47, 3, 47, 47),
  (48, 1, 48, 48),
  (49, 2, 49, 49),
  (50, 4, 50, 50);


INSERT INTO orders_products (id, ordersid, productsid, original_price, price) VALUES
  (1, 1, 1, 30.99, 25.99),
  (2, 2, 2, 89.99, 79.99),
  (3, 3, 3, 44.99, 39.99),
  (4, 4, 4, 69.99, 59.99),
  (5, 5, 5, 749.99, 699.99),
  (6, 6, 6, 1199.99, 1099.99),
  (7, 7, 7, 359.99, 329.99),
  (8, 8, 8, 229.99, 199.99),
  (9, 9, 9, 99.99, 89.99),
  (10, 10, 10, 59.99, 49.99),
  (11, 11, 11, 69.99, 59.99),
  (12, 12, 12, 349.99, 299.99),
  (13, 13, 13, 139.99, 129.99),
  (14, 14, 14, 549.99, 499.99),
  (15, 15, 15, 59.99, 49.99),
  (16, 16, 16, 34.99, 29.99),
  (17, 17, 17, 44.99, 39.99),
  (18, 18, 18, 999.99, 899.99),
  (19, 19, 19, 219.99, 199.99),
  (20, 20, 20, 24.99, 19.99),
  (21, 21, 21, 449.99, 399.99),
  (22, 22, 22, 699.99, 649.99),
  (23, 23, 23, 44.99, 39.99),
  (24, 24, 24, 949.99, 899.99),
  (25, 25, 25, 139.99, 129.99),
  (26, 26, 26, 109.99, 99.99),
  (27, 27, 27, 219.99, 199.99),
  (28, 28, 28, 89.99, 79.99),
  (29, 29, 29, 279.99, 249.99),
  (30, 30, 30, 449.99, 399.99),
  (31, 31, 31, 109.99, 99.99),
  (32, 32, 32, 169.99, 149.99),
  (33, 33, 33, 329.99, 299.99),
  (34, 34, 34, 99.99, 89.99),
  (35, 35, 35, 69.99, 59.99),
  (36, 36, 36, 149.99, 129.99),
  (37, 37, 37, 44.99, 39.99),
  (38, 38, 38, 219.99, 199.99),
  (39, 39, 39, 269.99, 249.99),
  (40, 40, 40, 329.99, 299.99),
  (41, 41, 41, 69.99, 59.99),
  (42, 42, 42, 59.99, 49.99),
  (43, 43, 43, 99.99, 89.99),
  (44, 44, 44, 79.99, 69.99),
  (45, 45, 45, 169.99, 149.99),
  (46, 46, 46, 59.99, 49.99),
  (47, 47, 47, 89.99, 79.99),
  (48, 48, 48, 44.99, 39.99),
  (49, 49, 49, 34.99, 29.99),
  (50, 50, 50, 279.99, 249.99);
